product_id,supplier_id,name,sku,mpn,score,price_text,certifications,thickness_mm,width_mm,length_mm,diameter_mm,max_temp_c,max_pressure_psi,color,grade,datasheet_url,source_url,last_seen_at,compression_set_percent,density_g_cm3,elongation_percent,glass_transition_c,hardness_shore_a,height_mm,melting_temp_c,operating_temp_c,specs_raw_json,standard,tensile_strength_psi,type,working_pressure_psi
e926d5f9a0d3864050579a0214108fbd,ferguson_enterprises,2 in. x 20 ft. Type K Soft Copper Tube,S,KS20020,18,"per 20 FOOTPro PricingDisplays discounted pricesList PricingDisplays catalog pricesNo PricingRemoves prices from pageInfoInfoFor pricing information, please call571-510-6916$1.00per  FOOT","NSF, NSF 61",2.1082,,6095.999999999999,203.2,Soft,,,,,https://www.ferguson.com/product/2-in.-x-20-ft.-type-k-soft-copper-tube-ksoftk20/206.html,2025-09-30T06:00:29.695815Z,,,,61.0,,,,,"{""ansi"": ""ANSI 61 Annex G"", ""astm"": ""ASTM B-280, ASTM B-306, ASTM B-88"", ""application"": ""Plumbing, Mechanical, DWV"", ""copper tubing temper"": ""Soft"", ""diameter  outside"": ""2-1/8 in"", ""end connection 1"": ""Sweat"", ""end connections"": ""Sweat x Sweat"", ""fm approved"": ""No"", ""length"": ""20 ft"", ""material"": ""Copper"", ""material type"": ""C12200"", ""nsf"": ""NSF 61 Annex G"", ""nsf certified"": ""Yes"", ""origin"": ""Domestic"", ""pipetubing size"": ""2 in"", ""wall thickness"": ""0.083 in""}",,,12200.0,
2ea518d80a1e47824dc97eb920d99373,ferguson_enterprises,10 x 10 x 4 in. Gasket Reducing SDR 35 PVC Sewer Tee,S,063102,17,$100,"NSF, NSF 61",,,,,73.0,15.0,,,,https://www.ferguson.com/product/trench-tough-plus-10-x-10-x-4-in.-gasket-reducing-sdr-35-pvc-sewer-tee-mul063102/107.html,2025-09-30T06:00:19.089250Z,,,,,,,,,"{""astm"": ""ASTM D-1784, ASTM D-3034, ASTM F-170, ASTM F-679, ASTM F-1336"", ""application"": ""Waste, Storm, Industrial"", ""csa certified"": ""CSA B181.2, CSA B182.2"", ""clean bagged"": ""No"", ""end connection 1"": ""Gasket"", ""end connection 2"": ""Gasket"", ""end connection 3"": ""Gasket"", ""end connections"": ""Gasket"", ""fm approved"": ""No"", ""fitting size 1"": ""10 in"", ""fitting size 2"": ""10 in"", ""fitting size 3"": ""4 in"", ""fitting sizes"": ""10 in x 10 in x 4 in"", ""fitting type"": ""Sewer Tee"", ""iapmo listed"": ""Yes"", ""material"": ""Plastic"", ""material type"": ""PVC"", ""maximum temperature"": ""73"", ""nsf"": ""NSF 61"", ""nsf certified"": ""Yes"", ""origin"": ""Global"", ""pressure  maximum"": ""15 psi"", ""schedule class"": ""SDR 35""}",,,PVC,
66b7824b7f8bfde0387c9e9be9258f18,ferguson_enterprises,4 in. X 12 in. Type B Gas Vent Pipe,S,4M12,17,$100,UL Listed,30.0,,304.79999999999995,101.6,,,,,,https://www.ferguson.com/product/metal-fab-surelock-4-in.-x-12-in.-type-b-gas-vent-pipe-m4m12/159.html,2025-09-30T06:00:21.746047Z,,,,,,,,,"{""adjustable"": ""No"", ""collection"": ""SureLock\u2122"", ""diameter"": ""4 in"", ""diameter  inside 1"": ""4 in"", ""duct size"": ""4 in"", ""gauge metal"": ""30 ga"", ""length"": ""12 in"", ""material"": ""Aluminum Alloy, Steel"", ""ul listed"": ""Yes"", ""vent duct shape"": ""Round"", ""vent type"": ""B-Vent""}",,,B-Vent,
713bfe3654ce64c441ab4ff8026e90e5,ferguson_enterprises,1/2 x 3/8 in. 300# Black Malleable Iron Reducing Coupling,S,0310541404,17,$45.00,"UL Listed, NSF",,,254.0,,20.0,300.0,,,,https://www.ferguson.com/product/1%2F2-x-3%2F8-in.-300-black-malleable-iron-reducing-coupling-b300rcdc/246.html,2025-09-30T06:00:44.660504Z,,,,,,,,,"{""asme"": ""ASME B16.14, ASME B16.3, ASME B16.39"", ""astm"": ""ASTM A-153, ASTM A-197"", ""application"": ""Fire Protection"", ""coating"": ""Black"", ""end connection 1"": ""FPT"", ""end connection 2"": ""FPT"", ""end connections"": ""FPT"", ""fitting size 1"": ""1/2 in"", ""fitting size 2"": ""3/8 in"", ""fitting sizes"": ""1/2 in x 3/8 in"", ""fitting type"": ""Coupling, Reducing"", ""length"": ""1-7/10 in"", ""material"": ""Malleable Iron"", ""nsf certified"": ""No"", ""origin"": ""Domestic"", ""pressure  maximum"": ""300 psi"", ""pressure class"": ""300#"", ""schedule class"": ""80"", ""temperature range"": ""-20 to 150 Deg F"", ""ul listed"": ""Yes""}",,,"Coupling, Reducing",
96ac8ae47ea254b7d79d81c1728f0fd5,distribution_now,Separators,S,,17,,"UL















2",,,,,,,,,https://www.dnow.com/hubfs/WC/PDF/Products/Process-Production/DNOW_Process_Solutions_Tomball_Facility_Flyer.pdf,https://www.dnow.com/process-and-production-equipment/pressure-vessels/separators,2025-09-30T06:01:34.974840Z,,,,,,,,,"{""materials of construction"": ""Carbon steel, stainless & alloy steel"", ""dimensions"": ""Vessels up to 12 ft. diameter, 100 ft. length, 8 in. wall thickness"", ""lifting capabilities"": ""Up to 100 tons"", ""nondestructive testing"": ""Ultrasonic, hydrostatic, radiographic, dye penetrant inspection, positive material identification (PMI), hardness and others"", ""finishing"": ""Surface prep, blasting, internal and external coating, painting"", ""engineering support"": ""Design, process simulation, finite element analysis (FEA)""}",,,,
a0bdc43b31c59540526ce6ae08f682ea,us_plastic_corp,"15 Gallon Domed Bottom Polyethylene Tamco® Tank - 14"" Dia. x 26"" Hgt. (Stand sold separately)",S,005199,16,124.982/Each,,,,,,,,,,https://www.usplastic.com/catalog/files/specsheets/Tamco® Dome Bottom Tanks.pdf,https://www.usplastic.com/catalog/item.aspx?itemid=25358,2025-09-30T05:56:30.983271Z,,,,,,,,,"{""5 off at 2"": ""124.982/Each"", ""10 off at 4"": ""118.404/Each"", ""15 off at 12"": ""111.826/Each""}",,,,
2fb53d930677dd856276a3353bcd7c3a,us_plastic_corp,"30 Gallon Domed Bottom Polyethylene Tamco® Tank - 18"" Dia. x 34"" Hgt. (Stand sold separately)",S,005200,16,257.5545/Each,,,,,,,,,,https://www.usplastic.com/catalog/files/specsheets/Tamco® Dome Bottom Tanks.pdf,https://www.usplastic.com/catalog/item.aspx?itemid=25359,2025-09-30T05:56:32.824270Z,,,,,,,,,"{""5 off at 2"": ""257.5545/Each"", ""10 off at 4"": ""243.999/Each"", ""15 off at 12"": ""230.4435/Each""}",,,,
8ac18f3bc192ac95b4a88f56bc11d8b9,us_plastic_corp,"55 Gallon Domed Bottom Polyethylene Tamco® Tank - 22"" Dia. x 35"" Hgt. (Stand sold separately)",S,005202,16,354.7015/Each,,,,,,,,,,https://www.usplastic.com/catalog/files/specsheets/Tamco® Dome Bottom Tanks.pdf,https://www.usplastic.com/catalog/item.aspx?itemid=25360,2025-09-30T05:56:34.454635Z,,,,,,,,,"{""5 off at 2"": ""354.7015/Each"", ""10 off at 4"": ""336.033/Each"", ""15 off at 12"": ""317.3645/Each""}",,,,
0e0a17efb45f810dffaf3317dd0851ff,ferguson_enterprises,2 in. x 21 ft. x 0.154 in. Threaded and Coupled Schedule 40 Global Black Carbon Steel Pipe,S,GBPTCA53K,16,"per 21 FOOTPro PricingDisplays discounted pricesList PricingDisplays catalog pricesNo PricingRemoves prices from pageInfoInfoFor pricing information, please call316-262-0681$1.00per  FOOT",,3.9115999999999995,,6400.799999999999,,,2300.0,Black,A,,https://www.ferguson.com/product/2-in.-x-21-ft.-x-0.154-in.-threaded-and-coupled-schedule-40-global-black-carbon-steel-pipe-gbptca53k/170.html,2025-09-30T06:00:24.465817Z,,,,1.2,,,,,"{""ansi"": ""ANSI B1.20.1, ANSI C.80.6, ANSI C80.1, ANSI C80.3, ANSI C80.5"", ""asme"": ""ASME B36.10M"", ""astm"": ""ASTM A-53, ASTM A-53 Grade A, ASTM A-53M, ASTM A-865"", ""application"": ""Fire Protection"", ""coating"": ""Black"", ""color finish name"": ""Black"", ""end connection 1"": ""Threaded & Coupled"", ""end connection 2"": ""Threaded and Coupled"", ""end connections"": ""Threaded & Coupled"", ""grade"": ""A"", ""length"": ""21 ft"", ""material"": ""Carbon Steel"", ""origin"": ""Global"", ""pipetubing size"": ""2 in"", ""pressure class"": ""2300 psi"", ""schedule class"": ""40"", ""wall thickness"": ""0.154 in""}",,,,
337e6acdfadd34fd4dff2b275db9e32d,ferguson_enterprises,3/4 in. Copper Tee (7/8 in. OD),S,9098400,16,$45.00,"UL Listed, UL 207, NSF, NSF 372, NSF 61",,,,203.2,,700.0,,,,https://www.ferguson.com/product/3%2F4-in.-copper-tee-%287%2F8-in.-od%29-ctf/226.html,2025-09-30T06:00:38.316191Z,,,,372.0,,,,,"{""ansi"": ""ANSI 372, ANSI 61"", ""asme"": ""ASME B16.22"", ""astm"": ""ASTM B-75 Alloy C12200"", ""clean bagged"": ""No"", ""diameter  outside"": ""7/8 in"", ""end connection 1"": ""Female Sweat"", ""end connection 2"": ""Female Sweat"", ""end connection 3"": ""Female Sweat"", ""end connections"": ""Female Sweat"", ""fitting size 1"": ""3/4 in"", ""fitting size 2"": ""3/4 in"", ""fitting size 3"": ""3/4 in"", ""fitting sizes"": ""3/4 in"", ""fitting type"": ""Tee"", ""mss"": ""MSS SP-104"", ""material"": ""Wrot Copper"", ""material type"": ""C12200"", ""nsf"": ""NSF 372, NSF 61"", ""nsf certified"": ""Yes"", ""pressure  maximum"": ""700 psi"", ""proposition 65"": ""WARNING: Cancer and Reproductive Harm - www.P65warnings.ca.gov"", ""ul listed"": ""UL 207"", ""weight"": ""0.16 lb""}",,,12200.0,
42ea8184c0ef598e732855c21a460ce0,distribution_now,Condensate Stabilizers,S,,16,,,,,,,,,,,https://www.dnow.com/hubfs/WC/PDF/Products/Process-Production/DNOW_Process_Solutions_Tomball_Facility_Flyer.pdf,https://www.dnow.com/process-and-production-equipment/pressure-vessels/condensate-stabilizers,2025-09-30T06:01:36.720353Z,,,,,,,,,"{""materials of construction"": ""Carbon steel, stainless & alloy steel"", ""dimensions"": ""Vessels up to 12 ft. diameter, 100 ft. length, 8 in. wall thickness"", ""lifting capabilities"": ""Up to 100 tons"", ""nondestructive testing"": ""Ultrasonic, hydrostatic, radiographic, dye penetrant inspection, positive material identification (PMI), hardness and others"", ""finishing"": ""Surface prep, blasting, internal and external coating, painting"", ""engineering support"": ""Design, process simulation, finite element analysis (FEA)""}",,,,
139f1e6c6986007822992933cf18bc88,ferguson_enterprises,3/4 in. 3000# Socket Weld Half Coupling Forged Steel A105,S,12402207,15,$45.00,"ASTM A105, UL Listed, NSF",,,,,,3000.0,,,,https://www.ferguson.com/product/3%2F4-in.-3000-socket-weld-half-coupling-forged-steel-a105-fsshcf/219.html,2025-09-30T06:00:35.311695Z,,,,,,,,,"{""asme"": ""ASME B16.11, ASME B1.20.1"", ""astm"": ""ASTM A105"", ""application"": ""Industrial, Commercial"", ""clean bagged"": ""No"", ""end connection 1"": ""Socket Weld"", ""end connection 2"": ""Socket Weld"", ""end connections"": ""Socket Weld"", ""fm approved"": ""No"", ""fitting size 1"": ""3/4 in"", ""fitting size 2"": ""3/4 in"", ""fitting sizes"": ""3/4 in"", ""fitting type"": ""Half Coupling"", ""iapmo listed"": ""No"", ""material"": ""Forged Carbon Steel"", ""material type"": ""A105"", ""nsf certified"": ""No"", ""origin"": ""Domestic"", ""pressure class"": ""3000#"", ""ul listed"": ""No""}",,,105.0,
111621d768abec3382cf001106c4dff8,ferguson_enterprises,3 in. 300# Raised Face Carbon Steel Blind Flange ASTM A105 Domestic,S,330030000,15,$45.00,"ISO 9001, ASTM A105, UL Listed, NSF",,,,,,300.0,,,,https://www.ferguson.com/product/raised-face-3-in.-300-raised-face-carbon-steel-blind-flange-astm-a105-domestic-d300rfbfm/243.html,2025-09-30T06:00:41.316817Z,,,,,,,,,"{""asme"": ""ASME B16.5"", ""astm"": ""ASTM A105"", ""clean bagged"": ""No"", ""collection"": ""Raised Face"", ""fm approved"": ""No"", ""fitting size 1"": ""3 in"", ""fitting size 2"": ""3 in"", ""fitting sizes"": ""3 in"", ""fitting type"": ""Straight"", ""flange type"": ""Blind"", ""iapmo listed"": ""No"", ""iso"": ""ISO 9001:2008"", ""material"": ""Carbon Steel"", ""material type"": ""A105"", ""nsf certified"": ""No"", ""origin"": ""Domestic"", ""pressure class"": ""300#"", ""ul listed"": ""No"", ""weight"": ""16 lb""}",,,105.0,
2c0c39438a1ef469b414c7536d39f687,distribution_now,Instrument Air Compressor Packages,S,,15,,,,,,,,,,,https://www.dnow.com/hubfs/WC/PDF/Products/Process-Production/DNOW_Process_Solutions_Well-Pad-Instrument-Air-Packages_flyer.pdf,https://www.dnow.com/process-and-production-equipment/instrument-air-compressors,2025-09-30T06:01:39.428188Z,,,,,,,,,"{""reciprocating compressor options"": ""5 hp, 7.5 hp and 10 hp, simplex or duplex units"", ""rotary compressor options"": ""5 hp and 10 hp, simplex or duplex units"", ""dryer units"": ""-40\u00b0F dewpoint regenerative membrane or desiccant units"", ""electrical"": ""480 V for direct field use"", ""hookup"": ""Pre-plumbed skid, ready for service""}",,,,
4697ceb700faba27ad4395b0065d5f76,ferguson_enterprises,6 in. Threaded 125# Cast Iron Sanitary Flange,S,0309004000,14,$45.00,,,,,,,125.0,,,,https://www.ferguson.com/product/6-in.-threaded-125-cast-iron-sanitary-flange-gcicfu11/193.html,2025-09-30T06:00:27.169370Z,,,,,,,,,"{""asme"": ""ASME B16.1, ASME B1.20.1"", ""astm"": ""ASTM A-126A, ASTM A-126B, ASTM A-153"", ""coating"": ""Galvanized"", ""end connection 1"": ""Flanged"", ""end connection 2"": ""FPT"", ""end connections"": ""Flanged x FPT"", ""fitting size 1"": ""6 in"", ""fitting size 2"": ""6 in"", ""fitting sizes"": ""6 in"", ""fitting type"": ""Straight, Standard"", ""flange type"": ""Companion"", ""material"": ""Cast Iron"", ""origin"": ""Domestic"", ""pressure class"": ""125#""}",,,Companion,
f12167d44748e70755f5697a35e8aa49,ferguson_enterprises,18 x 2-1/2 in. Pipe Wrench,S,31100,14,$45.00,,,,457.2,,,,Grey,,,https://www.ferguson.com/product/ridgid-18-x-2-1%2F2-in.-pipe-wrench-r31100/217.html,2025-09-30T06:00:32.495173Z,,,,,,,,,"{""application"": ""Commercial, Residential"", ""color finish name"": ""Grey"", ""handle material"": ""Aluminum"", ""handle type"": ""I-Beam"", ""length"": ""18 in"", ""material"": ""Alloy Steel"", ""maximum capacity"": ""2-1/2 in"", ""number of tools included"": ""1"", ""pipe capacity"": ""2-1/2 in"", ""tool type"": ""Wrench"", ""weight"": ""3 lb""}",,,Wrench,
56d73a042cc536d035b61095d0871f7f,distribution_now,MacLean Retains EATON CAP Partnership Status with 100% pass rate,NERSHIP,,14,,ISO 9001,,,,,,,,,https://www.dnow.com/hubfs/WC/PDF/Company/Statement/DNOW_Forced_Labor_Statement.pdf,https://www.dnow.com/en-gb/maclean/news/maclean-retains-eaton-cap-partnership-status-with-100-pass-rate,2025-09-30T06:01:38.165920Z,,,,,,,,,,,,,
9bf5bd195648d214b264b772a49b00ca,distribution_now,Vapor Recovery Units (VRU),S,,14,,,,,,,,1440.0,,,https://www.dnow.com/hubfs/WC/PDF/Products/Process-Production/Power_Service_Products_and_Services_Guide_Brochure.pdf,https://www.dnow.com/process-and-production-equipment/vapor-recovery-units-vru,2025-09-30T06:01:42.154902Z,,,,,,,,,"{""rates"": ""Up to 2 MMCFD +"", ""pressures"": ""Up to 1440 PSIG +""}",,,,
117b0cbb46ee2079d04bd58b7f941e75,us_plastic_corp,Returns,S,,13,,,,,,,,,,,https://www.usplastic.com/returns/usplastic_returns.pdf,https://www.usplastic.com/content/help/return-item.aspx,2025-09-30T05:56:29.310536Z,,,,,,,,,,,,,
04abd029c19fc8181942b8f91e1c36c6,wurth_industry,Würth Products,S,,13,,,,,,,,,,,https://www.wurthindustry.com/media/downloads/pdf/WINA_Terms_Conditions_Customer.pdf,https://www.wurthindustry.com/en/wina/products/products_1.php,2025-09-30T05:59:28.289685Z,,,,,,,,,,,,,
e29bf27023a0c952cab1554348ccfd2e,wurth_industry,Stainless Steel and Marine Fasteners,S,,13,,,,,,,,,,,https://www.wurthindustry.com/media/downloads/pdf/WINA_Terms_Conditions_Customer.pdf,https://www.wurthindustry.com/en/wina/products/stainless_steel_fasteners/stainless_steel_fasteners.php,2025-09-30T05:59:38.160949Z,,,,,,,,,,,,,
0db76da30adddc595704614281eab788,wurth_industry,Fasteners & Assembly Components,S,,13,,,,,,,,,,,https://www.wurthindustry.com/media/downloads/pdf/wurth-fastener-technical-reference-guide.pdf,https://www.wurthindustry.com/en/wina/products/fasteners___assembly_components/fastenersassemblycomponents.php,2025-09-30T05:59:43.084046Z,,,,,,,,,,,,,
4b646a207cb307d2a9d58930e7ed8ad7,essendant,Expand Your Opportunities,ASSORTMENTCAREERSBE,,13,,,,,,,,,,,https://www.essendant.com/wp-content/uploads/2019/04/Essendant_Terms-of-Use.pdf,https://www.essendant.com/productassortment/,2025-09-30T06:00:50.745653Z,,,,,,,,,,,,,
368c200c0e3032bd84c82f7a0a821234,essendant,Mastering Digital Platforms:Is a Marketplace Agency the Right Partner for You?,NER,,13,,,,,,,,,,,https://www.essendant.com/wp-content/uploads/2019/04/Essendant_Terms-of-Use.pdf,https://www.essendant.com/articles/mastering-digital-platforms-is-a-marketplace-agency-the-right-partner-for-you/,2025-09-30T06:00:52.189499Z,,,,,,,,,,,,,
df1a0a7d7139ab7607bad1b6578816ec,essendant,5 ways wholesale distributionhelps sellers expand product assortment,ASSORTMENT,,13,,,,,,,,,,,https://www.essendant.com/wp-content/uploads/2019/04/Essendant_Terms-of-Use.pdf,https://www.essendant.com/articles/5-ways-wholesale-distribution-helps-sellers-expand-product-assortment/,2025-09-30T06:01:03.781649Z,,,,,,,,,,,,,
d742ae2ba7a2065b4e9a536059f48248,distribution_now,Hawke International,S,,13,,,,,,,,,,,https://www.dnow.com/hubfs/WC/PDF/Company/Statement/DNOW_Forced_Labor_Statement.pdf,https://www.dnow.com/maclean/electrical/mfg/hawke-international-products,2025-09-30T06:01:43.443211Z,,,,,,,,,,,,,
308b9931932e5de267b04a4a15eec95e,distribution_now,Oilfield Solutions for Well Production and Eco-Compliance,ION,NERSHIPS,13,,,,,,,,,,,https://www.dnow.com/hubfs/WC/PDF/Products/Industrial-Supplies/DNOW_Janitorial_Products_flyer.pdf,https://www.dnow.com/industrial-supplies/drilling-and-production-supplies,2025-09-30T06:01:45.072443Z,,,,,,,,,,,,,
52c1ccf8dd492e22ca201cb546453851,us_plastic_corp,2 oz. Stainless Steel Ladle,S,46902,12,5.8235/Each,,,,,,,,,,,https://www.usplastic.com/catalog/item.aspx?itemid=25362,2025-09-30T05:56:36.084438Z,,,,,,,,,"{""5 off at 12"": ""5.8235/Each"", ""10 off at 24"": ""5.517/Each"", ""15 off at 72"": ""5.2105/Each""}",,,,
9dd13f7afb6ef6ff6783282cd9fb7415,us_plastic_corp,4 oz. Stainless Steel Ladle,S,46904,12,6.7545/Each,,,,,,,,,,,https://www.usplastic.com/catalog/item.aspx?itemid=25363,2025-09-30T05:56:37.739446Z,,,,,,,,,"{""5 off at 12"": ""6.7545/Each"", ""10 off at 24"": ""6.399/Each"", ""15 off at 72"": ""6.0435/Each""}",,,,
ce89a7b6e8dc36ff405ff8df490b93ec,us_plastic_corp,8 oz. Stainless Steel Ladle,S,46908,12,7.8185/Each,,,,,,,,,,,https://www.usplastic.com/catalog/item.aspx?itemid=25364,2025-09-30T05:56:39.397682Z,,,,,,,,,"{""5 off at 12"": ""7.8185/Each"", ""10 off at 24"": ""7.407/Each"", ""15 off at 72"": ""6.9955/Each""}",,,,
59bf976637d21397097c03cd3f73b411,us_plastic_corp,Featured Brands,S,,9,,,,,,,,,,,,https://www.usplastic.com/catalog/brands.aspx,2025-09-30T05:56:23.346769Z,,,,,,,,,,,,,
39aec2ad385441b2bc24431deeb8da21,us_plastic_corp,New Products,S,,9,,,,,,,,,,,,https://www.usplastic.com/catalog/newitems.aspx,2025-09-30T05:56:26.057030Z,,,,,,,,,,,,,
6c83750bb888a6692e5e7208baf3587a,us_plastic_corp,Quick Order,S,,9,,,,,,,,,,,,https://www.usplastic.com/catalog/quickorder.aspx,2025-09-30T05:56:27.702338Z,,,,,,,,,,,,,
0f6b8b4d49e3a6dd879e1b7e3854cb99,global_industrial,Restroom Partitions & Stalls,ITIONS,,9,,,,,,,,,,,,https://www.globalindustrial.com/c/janitorial-facility-maintenance/restroom_partitions_stalls,2025-09-30T05:57:21.907809Z,,,,,,,,,,,,,
3734dca17853c342eca4c44de6fdd804,global_industrial,Partitions & Dividers,ITIONS,,9,,,,,,,,,,,,https://www.globalindustrial.com/c/office/partitions_dividers,2025-09-30T05:57:25.403562Z,,,,,,,,,,,,,
7cbca1c8c7606212ff1ab7393204495d,airgas,Respiratory Safety Accessories,S,,9,,,,,,,,,,,,https://www.airgas.com/Safety-Products/Respiratory-Protection/Respiratory-Accessories/category/343,2025-09-30T06:01:17.065470Z,,,,,,,,,,,,,
902479e65920545ca1d95868c2498c84,airgas,Aluminum MIG Wire (GMAW & SAW),S,,9,,,,,,,,,,,,https://www.airgas.com/Welding-Products/Filler-Metal/MIG-Wire-%28GMAW-%26-SAW%29/MIG-Wire---Aluminum/category/156,2025-09-30T06:01:19.123390Z,,,,,,,,,,,,,
cd4ecffdc94e176e952b13baba8d3eab,airgas,Hardhats & Caps,S,,9,,,,,,,,,,,,https://www.airgas.com/Safety-Products/Head%2C-Eye-%26-Face-Protection/Hardhats-%26-Caps/category/77,2025-09-30T06:01:22.781926Z,,,,,,,,,,,,,
216026adfce4ccc81f1ee098e2632ac8,airgas,Coolers & Accessories,S,,9,,,,,,,,,,,,https://www.airgas.com/Safety-Products/First-Aid/Coolers-%26-Accessories/category/532,2025-09-30T06:01:24.783264Z,,,,,,,,,,,,,
48110e16ddc3389efa6c6224ced69c94,distribution_now,Process and Production Equipment,ION,,9,,,,,,,,,,,,https://www.dnow.com/process-and-production-equipment,2025-09-30T06:01:46.326732Z,,,,,,,,,,,,,
